﻿Section: Wall
ClientName,"Onward Technologies","Onward Technologies","Onward Technologies","Onward Technologies","Onward Technologies","Onward Technologies","Onward Technologies","Onward Technologies","Onward Technologies","Onward Technologies","Onward Technologies","Onward Technologies"
CreatedDate,"2024-05-04T21:50:37.807","2024-05-04T21:50:37.737","2024-05-04T21:50:37.647","2024-05-04T21:50:37.55","2024-05-04T21:50:37.48","2024-05-04T21:50:37.407","2024-05-04T21:30:13.817","2024-05-04T21:30:13.793","2024-05-04T03:23:08.973","2024-05-04T03:23:08.96","2024-05-04T03:23:08.683","2024-05-04T03:23:08.67"
Reason,"Enrollment changed: Voluntary AD&D","Enrollment changed: Voluntary Life","Enrollment changed: Medical","Enrollment changed: Dental","Enrollment changed: Vision","New Hire Enrollment Completed","Update Address Employee: Address 1 changed from \"\" to \"8210 E 3rd Ave\", City changed from \"\" to \"Mesa\", County changed from \"\" to \"Maricopa County\", Zip changed from \"\" to \"85208-1418\", Country changed from \"\" to \"United States of America\"","Update Address Employee: Address 1 changed from \"\" to \"8210 E 3rd Ave\", City changed from \"\" to \"Mesa\", County changed from \"\" to \"Maricopa County\", Zip changed from \"\" to \"85208-1418\", Country changed from \"\" to \"United States of America\"","Enrollment changed: Group Short Term Disability - 2024 Unum Short Term Disability","Enrollment changed: Group Short Term Disability - 2024 Unum Short Term Disability","Enrollment changed: Group Life - 2024 UNUM - Group Life and AD&D Insurance","Enrollment changed: Group Life - 2024 UNUM - Group Life and AD&D Insurance"
EmpId,"720278","720278","720278","720278","720278","720278","720278","720278","720278","720278","720278","720278"
Feed,"Onward All","Onward All","Onward All","Onward All","Onward All","Onward All","Sherman Wall Feed","Onward All","Sherman Wall Feed","Onward All","Sherman Wall Feed","Onward All"
EmployeeName,"Christian Fonseca","Christian Fonseca","Christian Fonseca","Christian Fonseca","Christian Fonseca","Christian Fonseca","Christian Fonseca","Christian Fonseca","Christian Fonseca","Christian Fonseca","Christian Fonseca","Christian Fonseca"
WallID,"11470092","11470090","11470088","11470086","11470084","11470082","11470080","11470079","11469264","11469263","11469258","11469257"

Section: EE_INFO
Emp ID,"720278"
External ID,"41425155"
First Name,"Christian"
Middle,""
Last Name,"Fonseca"
Suffix,""
Client,"Onward Technologies"
Office,""
Job Title,"Development Research Engineer"
Emp Status,"Active"
Client Class,"Full Time"
Class Changed,""
Client Division,""
Client Dept,""
Hire_Date,"04/29/2024"
Hired On,"05/01/2024"
Original Hire Date,""
DOB,"04/03/2000"
Age,"24"
SSN,"601-97-4856"
Gender,"M"
Married,"Unknown"
Tobacco,"No"
Tobacco Date,"05/04/2024"
Race/Ethnicity,"Unknown"
US Citizen,"Unknown"
Base Salary,"62400.00"
Hourly Rate,"30.00"
Salary Effective,"04/29/2024"
Benefit Salary,"62400.00"
Benefit Salary Effective,"04/29/2024"
Previous W2,""
Disabled,"Unknown"
Veteran,"Unknown"
Medicare Eligible,"Unknown"
Annual Review Date,""
Completed,"Yes"
Active,"Yes"
Imported Date,""
Created Date,"05/01/2024"
Created By,"Dharmendra Bhatt"
Last Updated Date,"05/04/2024"
Last Updated Date(Trigger),"2024-05-05T01:50:37.0000000Z"
Last Updated By,"Christian Fonseca"
Termination Date,""
Terminated On,""
Termination Reason,"N/A"
Cobra Status,"Not Eligible"
Demographic Change Effective Date,""



Section: EE_ADDRESS
id,"706457"
Address Type,"Home"
Address1,"8210 E 3rd Ave"
Address2,""
City,"Mesa"
State,"AZ"
County,"Maricopa County"
Zip,"85208-1418"
Province,""
Country,"US"
Address Validation Status,"StreetAddressValidated"
User Address Action,"AcceptedSuggestion"
HR Address Action,"ReviewNotNeeded"
Implicit Address Validation Status,"StreetAddressValidated"
Precedence,"1"

Section: EE_EMAIL
"Work Email","christian_fonseca@onwardgroup.com"
"Personal Email","CFonseca1245@gmail.com"
"Primary Email Type","Work"

Section: EE_PHONE
"Work Phone",""
"Home Phone","6024868592"



Section: EE_ENROLLMENT
PE ID,"6162072","6162073","6162074","6161052","6161054","6162075","6162076"
Benefit Category,"Medical","Dental","Vision","Group Life","Group Short-Term Disability","Voluntary Life","Voluntary AD&D"
Plan Id,"","","","70234","70235","",""
Plan Title,"","","","2024 UNUM - Group Life and AD&D Insurance","2024 Unum Short Term Disability","",""
Type,"Current","Current","Current","Current","Current","Current","Current"
On COBRA,"","","","","","",""
Employee Cost,"","","","0.00","0.00","",""
Client Cost,"","","","5.00","15.20","",""
Plan Cost,"","","","5.00","15.20","",""
Rider Cost,"","","","","","",""
Total Employee Cost,"","","","0.00","","",""
Total Plan Cost,"","","","5.00","","",""
Employee Per Pay Cost,"","","","0.00","0.00","",""
Client Per Pay Cost,"","","","2.31","7.02","",""
Coverage_Level,"","","","Employee","Employee","",""
Benefit Amount,"","","","50000.00","800.00","",""
Enrolled Date,"2024-05-05T01:50:37.0000000Z","2024-05-05T01:50:37.0000000Z","2024-05-05T01:50:37.0000000Z","2024-05-04T07:23:08.0000000Z","2024-05-04T07:23:08.0000000Z","2024-05-05T01:50:37.0000000Z","2024-05-05T01:50:37.0000000Z"
Effective Date,"05/04/2024","05/04/2024","05/04/2024","04/29/2024","04/29/2024","05/04/2024","05/04/2024"
Covg End Date,"","","","","","",""
Ended On,"","","","","","",""
Sign Date,"","","","","","",""
Start Reason,"New Hire","New Hire","New Hire","Bulk enrollment","Bulk enrollment","New Hire","New Hire"
End Reason,"","","","","","",""
Canceled Date,"","","","","","",""
Decline Reason,"Covered under parent/guardian's plan","Covered under parent/guardian's plan","Covered under parent/guardian's plan","","","Covered under parent/guardian's plan","Ineligible for this plan"
Base Client Cost,"","","","","","",""
Defined Contribution,"","","","","","",""
Prior Effective Date,"","","","","","",""
Original Effective Date,"","","","04/29/2024","04/29/2024","",""
Maintenance Code Date,"","","","","","",""
Is Currently Skipped,"N","N","N","N","N","N","N"
Is Post Tax,"","","","","","",""
Tax Option,"","","","","","",""
Benefit ID,"","","","9168","3228","",""
Rate ID,"","","","65403","17840","",""
Skipped Date,"","","","","","",""
Skipped By,"","","","","","",""
Skipped On,"","","","","","",""
Carrier Tobacco Override,"","","","","","",""
Is Transmittable,"No","No","No","Yes","Yes","No","No"
Suppress Is Transmittable,"","","","","","",""
Suppressed By,"","","","","","",""
Suppressed On,"","","","","","",""
Created Date,"05/04/2024","05/04/2024","05/04/2024","05/04/2024","05/04/2024","05/04/2024","05/04/2024"
Created By,"Christian Fonseca","Christian Fonseca","Christian Fonseca"," System"," System","Christian Fonseca","Christian Fonseca"
Last Updated Date,"05/04/2024","05/04/2024","05/04/2024","05/04/2024","05/04/2024","05/04/2024","05/04/2024"
Last Updated Date(Trigger),"2024-05-05T01:50:37.0000000Z","2024-05-05T01:50:37.0000000Z","2024-05-05T01:50:37.0000000Z","2024-05-04T07:23:08.0000000Z","2024-05-04T07:23:08.0000000Z","2024-05-05T01:50:37.0000000Z","2024-05-05T01:50:37.0000000Z"
Last Updated By,"Christian Fonseca","Christian Fonseca","Christian Fonseca"," System"," System","Christian Fonseca","Christian Fonseca"

Section: EE_ENCHANGE
PE ID,"6161054","6161054","6161054","6161054","6161054","6161054","6161054","6161054","6161052","6161052","6161052","6161052","6161052","6161052","6161052","6161052","6161052"
Type,"Current","Current","Current","Current","Current","Current","Current","Current","Current","Current","Current","Current","Current","Current","Current","Current","Current"
Plan Id,"70235","70235","70235","70235","70235","70235","70235","70235","70234","70234","70234","70234","70234","70234","70234","70234","70234"
Plan Title,"2024 Unum Short Term Disability","2024 Unum Short Term Disability","2024 Unum Short Term Disability","2024 Unum Short Term Disability","2024 Unum Short Term Disability","2024 Unum Short Term Disability","2024 Unum Short Term Disability","2024 Unum Short Term Disability","2024 UNUM - Group Life and AD&D Insurance","2024 UNUM - Group Life and AD&D Insurance","2024 UNUM - Group Life and AD&D Insurance","2024 UNUM - Group Life and AD&D Insurance","2024 UNUM - Group Life and AD&D Insurance","2024 UNUM - Group Life and AD&D Insurance","2024 UNUM - Group Life and AD&D Insurance","2024 UNUM - Group Life and AD&D Insurance","2024 UNUM - Group Life and AD&D Insurance"
Event Id,"19824735","19824735","19824735","19824735","19824735","19824735","19824735","19824735","19824733","19824733","19824733","19824733","19824733","19824733","19824733","19824733","19824733"
Event,"Enrollment changed","Enrollment changed","Enrollment changed","Enrollment changed","Enrollment changed","Enrollment changed","Enrollment changed","Enrollment changed","Enrollment changed","Enrollment changed","Enrollment changed","Enrollment changed","Enrollment changed","Enrollment changed","Enrollment changed","Enrollment changed","Enrollment changed"
Field,"Plan ID","Coverage Level","Monthly Employee Cost","Monthly Plan Cost","Benefit Amount","Employee Per Pay Cost","Client Per Pay Cost","Start Date","Plan ID","Coverage Level","Monthly Employee Cost","Monthly Plan Cost","Total Cost","Benefit Amount","Employee Per Pay Cost","Client Per Pay Cost","Start Date"
Changed On,"2024-05-04T07:23:08.0000000Z","2024-05-04T07:23:08.0000000Z","2024-05-04T07:23:08.0000000Z","2024-05-04T07:23:08.0000000Z","2024-05-04T07:23:08.0000000Z","2024-05-04T07:23:08.0000000Z","2024-05-04T07:23:08.0000000Z","2024-05-04T07:23:08.0000000Z","2024-05-04T07:23:08.0000000Z","2024-05-04T07:23:08.0000000Z","2024-05-04T07:23:08.0000000Z","2024-05-04T07:23:08.0000000Z","2024-05-04T07:23:08.0000000Z","2024-05-04T07:23:08.0000000Z","2024-05-04T07:23:08.0000000Z","2024-05-04T07:23:08.0000000Z","2024-05-04T07:23:08.0000000Z"
Prior Value,"","","","","","","","","","","","","","","","",""
Value,"70235","1","0.00","15.20","800.00","0.00","7.02","4/29/2024 12:00:00 AM","70234","1","0.00","5.00","0.00","50000.00","0.00","2.31","4/29/2024 12:00:00 AM"

Section: EE_BENEFIT
"Enrolled Plans","[object Object],[object Object]"
"Declined Coverage","[object Object],[object Object],[object Object],[object Object],[object Object]"

Section: EE_PLANS
"2024 UHC BDQ2 $2000 CORE Plus","UnitedHealthcare"
"2024 UHC BDQR $2,000 Choice Plus PPO","UnitedHealthcare"
"2024 UHC BDRV $1,000 Choice Plus PPO","UnitedHealthcare"
"2024 UHC DEK2 $5,000 Choice Plus HSA","UnitedHealthcare"
"2024 UHC DJ3G $3500 Choice Plus HSA","UnitedHealthcare"
"2024 Health Savings Account (HSA)","Unspecified Carrier"
"2024 Principal Dental","Principal Financial Group"
"2024 Principal Vision","Principal Financial Group"
"2024 UNUM - Group Life and AD&D Insurance","UNUM"
"2024 Unum Short Term Disability","UNUM"
"2024 UNUM Voluntary LIfe","UNUM"
"2024 UNUM Voluntary AD&D","UNUM"

Section: EE_TIMELINE
EventId,"19826355","19826356","19826354","19826348","19826349","19826350","19826351","19826352","19826353","19826347","19826341","19826340","19826339","19826338","19826337","19826336","19826335","19826334","19824735","19824733","19806441","19806440","19806439","19806437"
Event,"Completed New Hire Enrollment","Enrollment Confirmation Email Sent","Pending Enrollments Approved","New Hire Enrollment Completed","Enrollment changed","Enrollment changed","Enrollment changed","Enrollment changed","Enrollment changed","Enrollment changed","Enrollment changed","Enrollment changed","Enrollment changed","Enrollment changed","Enrollment changed","Update Address Employee","Workflow requirement completed","Account Registration Completed By Employee","Enrollment changed","Enrollment changed","Employee Welcome Email Sent","Employee Welcome Email Sent","Employee Hired","Update Address Employee"
StartDateUtc,"2024-05-05T01:50:37.873Z","2024-05-05T01:50:37Z","2024-05-05T01:50:37Z","2024-05-05T01:50:37Z","2024-05-05T01:50:37Z","2024-05-05T01:50:37Z","2024-05-05T01:50:37Z","2024-05-05T01:50:37Z","2024-05-05T01:50:37Z","2024-05-05T01:50:26Z","2024-05-05T01:36:59Z","2024-05-05T01:36:51Z","2024-05-05T01:32:24Z","2024-05-05T01:32:13Z","2024-05-05T01:31:55Z","2024-05-05T01:30:13Z","2024-05-05T01:26:27Z","2024-05-05T01:25:22Z","2024-05-04T07:23:08Z","2024-05-04T07:23:08Z","2024-05-01T19:10:05Z","2024-05-01T19:09:58Z","2024-05-01T19:09:49Z","2024-05-01T19:09:46Z"
EventDate,"","","","","","","","","","","","","","","","","","","","","","","",""
Description,"","<p>Dear Christian Fonseca,</p>    <p> Your benefit enrollment is complete. If you would like to view your confidential elections     or benefit information at any time you may log onto your account at <span><a href=\"https://CBIZ.employeenavigator.com\">Login</a></span>.</p>    <p>Please review your account to see if you have any supplemental enrollment requirements such as     designating beneficiaries for your life insurance, completing health questions for life insurance     amounts in excess of the guarantee issue limits or designation of a Primary Care Physician (PCP)</p>    <p>If you have any questions regarding your benefits, please contact your HR department.</p>    <br><p>Onward Technologies</p>","Pending Enrollments Approved","","Vision","Dental","Medical","Voluntary Life","Voluntary AD&D","Voluntary Life","Voluntary AD&D","Voluntary Life","Vision","Dental","Medical","Address 1 changed from \"\" to \"8210 E 3rd Ave\", City changed from \"\" to \"Mesa\", County changed from \"\" to \"Maricopa County\", Zip changed from \"\" to \"85208-1418\", Country changed from \"\" to \"United States of America\"","","email sent to christian_fonseca@onwardgroup.com: <P>Your account has been registered with the user name: christian_fonseca.&nbsp;&nbsp;Please access this <a href=\"https://www.employeenavigator.com/benefits/Account/Login?loginHint=christian_fonseca\">Login</a> link to&nbsp;login to&nbsp;your&nbsp;benefits account.</P><P>Thank you,<BR>Onward Technologies</P><P>**This is an automatic email.&nbsp; Please do not reply.**</P>","Group Short Term Disability - 2024 Unum Short Term Disability","Group Life - 2024 UNUM - Group Life and AD&D Insurance","email sent to christian_fonseca@onwardgroup.com: <p>Dear Christian Fonseca,</p><p>Congratulations on your new position with Onward Technologies!&nbsp; You can now begin the new hire enrollment process by accessing this <a href=\"https://www.employeenavigator.com/identity/Provisioning/RegisterAccount?token=98db2648-3031-4c84-9ee5-a054cc4ad5bb&brandingDomain=CBIZ\">Registration</a> link. <b>This link expires after 15 days. You are required to complete the enrollment process even if you are declining benefits.&nbsp; Enrollment must be completed immediately,&nbsp;or you may not be able to enroll until our next Open Enrollment.</b></p><p>Please be sure to complete your&nbsp;Beneficiaries for your Group Life and Voluntary Life if electing.</p><p>You are required to complete all New Hire enrollments by the 30th date of hire.&nbsp; If you are electing Voluntary Life and miss this deadline, you will <b>no longer have the option of a Guaranteed issue amount with no questions asked</b>.&nbsp; Voluntary Life will be pending until you submit your Evidence of Insurability to UNUM and are approved.&nbsp;&nbsp;</p><p>Please direct any questions about enrollment or benefits to your HR administrator.</p><p>Thank you,<br>Onward Technologies</p><p>**This is an automatic email.&nbsp; Please do not reply.**</p>","email sent to CFonseca1245@gmail.com: <p>Dear Christian Fonseca,</p><p>Congratulations on your new position with Onward Technologies!&nbsp; You can now begin the new hire enrollment process by accessing this <a href=\"https://www.employeenavigator.com/identity/Provisioning/RegisterAccount?token=6aef173c-80ec-4c9e-8337-d9572e022f3a&brandingDomain=CBIZ\">Registration</a> link. <b>This link expires after 15 days. You are required to complete the enrollment process even if you are declining benefits.&nbsp; Enrollment must be completed immediately,&nbsp;or you may not be able to enroll until our next Open Enrollment.</b></p><p>Please be sure to complete your&nbsp;Beneficiaries for your Group Life and Voluntary Life if electing.</p><p>You are required to complete all New Hire enrollments by the 30th date of hire.&nbsp; If you are electing Voluntary Life and miss this deadline, you will <b>no longer have the option of a Guaranteed issue amount with no questions asked</b>.&nbsp; Voluntary Life will be pending until you submit your Evidence of Insurability to UNUM and are approved.&nbsp;&nbsp;</p><p>Please direct any questions about enrollment or benefits to your HR administrator.</p><p>Thank you,<br>Onward Technologies</p><p>**This is an automatic email.&nbsp; Please do not reply.**</p>","New Employee Record Created","Address type changed from \"\" to \"Home\", State changed from \"\" to \"Arizona\""
Dependent,"","","","","","","","","","","","","","","","","","","","","","","",""
CreatedBy,"Christian Fonseca","Christian Fonseca","Christian Fonseca","Christian Fonseca","Christian Fonseca","Christian Fonseca","Christian Fonseca","Christian Fonseca","Christian Fonseca","Christian Fonseca","Christian Fonseca","Christian Fonseca","Christian Fonseca","Christian Fonseca","Christian Fonseca","Christian Fonseca","Christian Fonseca","Christian Fonseca","EN","EN","Dharmendra Bhatt","Dharmendra Bhatt","Dharmendra Bhatt","Dharmendra Bhatt"
ParentId,"19826355","19826356","19826354","19826348","19826348","19826348","19826348","19826348","19826348","19826347","19826341","19826340","19826339","19826338","19826337","19826336","19826335","19826334","19824735","19824733","19806441","19806440","19806439","19806437"
ParentDate,"2024-05-04T21:50:37.873","2024-05-04T21:50:37","2024-05-04T21:50:37","2024-05-04T21:50:37","2024-05-04T21:50:37","2024-05-04T21:50:37","2024-05-04T21:50:37","2024-05-04T21:50:37","2024-05-04T21:50:37","2024-05-04T21:50:26","2024-05-04T21:36:59","2024-05-04T21:36:51","2024-05-04T21:32:24","2024-05-04T21:32:13","2024-05-04T21:31:55","2024-05-04T21:30:13","2024-05-04T21:26:27","2024-05-04T21:25:22","2024-05-04T03:23:08","2024-05-04T03:23:08","2024-05-01T15:10:05","2024-05-01T15:09:58","2024-05-01T15:09:49","2024-05-01T15:09:46"
HasChanges,"","","","","true","true","true","true","true","true","true","true","true","true","true","","","","true","true","","","",""


