﻿Section: Wall
ClientName,"Bettenhausen Motor Sales","Bettenhausen Motor Sales","Bettenhausen Motor Sales","Bettenhausen Motor Sales","Bettenhausen Motor Sales"
CreatedDate,"2024-05-04T11:00:44.52","2024-05-04T10:50:38.887","2024-05-04T10:41:16","2024-05-04T10:41:08.04","2024-05-04T10:40:50.38"
Reason,"Enrollment changed: Medical - 2023 Option #1 BCBS Blue Choice Options MIBCO2000","Enrollment changed: Voluntary Life - 2023 Voluntary Life/AD&D","Enrollment changed: Vision - 2023 Vision","Enrollment changed: Dental - 2023 Dental","Enrollment changed: Medical - 2023 Option #1 BCBS Blue Choice Options MIBCO2000"
EmpId,"716820","716820","716820","716820","716820"
Feed,"Sherman Wall Feed","Sherman Wall Feed","Sherman Wall Feed","Sherman Wall Feed","Sherman Wall Feed"
EmployeeName,"MICHAEL PADALINO","MICHAEL PADALINO","MICHAEL PADALINO","MICHAEL PADALINO","MICHAEL PADALINO"
WallID,"11469929","11469915","11469905","11469901","11469897"

Section: EE_INFO
Emp ID,"716820"
External ID,"41146306"
First Name,"MICHAEL"
Middle,""
Last Name,"PADALINO"
Suffix,""
Client,"Bettenhausen Motor Sales"
Office,""
Job Title,"SERVICE ADVISOR"
Emp Status,"Active"
Client Class,"Full Time"
Class Changed,""
Client Division,""
Client Dept,""
Hire_Date,"04/17/2024"
Hired On,"04/17/2024"
Original Hire Date,""
DOB,"06/23/1992"
Age,"31"
SSN,"356-88-8759"
Gender,"M"
Married,"Married"
Tobacco,"Unknown"
Tobacco Date,""
Race/Ethnicity,"Unknown"
US Citizen,"Unknown"
Base Salary,"41600.00"
Hourly Rate,""
Salary Effective,"04/17/2024"
Benefit Salary,""
Benefit Salary Effective,""
Previous W2,""
Disabled,"Unknown"
Veteran,"Unknown"
Medicare Eligible,"Unknown"
Annual Review Date,""
Completed,"Yes"
Active,"Yes"
Imported Date,""
Created Date,"04/17/2024"
Created By,"JENNIFER SCOTT"
Last Updated Date,"05/04/2024"
Last Updated Date(Trigger),"2024-05-04T15:00:44.0000000Z"
Last Updated By,"MICHAEL PADALINO"
Termination Date,""
Terminated On,""
Termination Reason,"N/A"
Cobra Status,"Not Eligible"
Demographic Change Effective Date,""

Section: EE_DEPT
Dep Id,"346458"
Relationship,"Spouse"
First Name,"Brittany"
Middle,""
Last Name,"Smith Padalino"
Suffix,""
Address1,"2328 W 112th Pl"
Address2,""
City,"Chicago"
State,"Illinois"
County,""
Zip,"60643-4101"
Address Validation Status,""
User Address Action,""
HR Address Action,""
DOB,"06/12/1996"
Age,"27"
SSN,"343-92-6717"
Gender,"F"
Sequence,"1"
Tobacco,"Unknown"
Tobacco Date,""
Disabled,"No"
Disabled Date,""
Medicare Eligible,"No"
Active,"Yes"
Student,"No"
(Full-Time),"N/A"
Student Start,""
Student End,""
Created Date,"05/04/2024"
Created_by,"MICHAEL PADALINO"
Last Updated Date,"05/04/2024"
Last Updated Date(Trigger),"2024-05-04T14:38:58.0000000Z"
Last Updated By,"MICHAEL PADALINO"

Section: EE_ADDRESS
id,"703437"
Address Type,"Home"
Address1,"8608 Laramie Ave"
Address2,""
City,"Burbank"
State,"IL"
County,"Cook County"
Zip,"60459-2831"
Province,""
Country,"US"
Address Validation Status,"StreetAddressValidated"
User Address Action,"SuggestionsNotPresented"
HR Address Action,"AddressReviewedAndAccepted"
Implicit Address Validation Status,"StreetAddressValidated"
Precedence,"1"

Section: EE_EMAIL
"Work Email","MPADALINO@BETTENHAUSENAUTO.COM"
"Personal Email","Mikepadalino4854@gmail.com"
"Primary Email Type","Work"

Section: EE_PHONE
"Work Phone",""
"Home Phone","7089133553"



Section: EE_ENROLLMENT
PE ID,"6161804","6161822","6161824","6161826","6161805","6161806","6161827","6161828","6161807","6161820","6136601"
Benefit Category,"Medical","Accident","Cancer","Critical Illness","Dental","Vision","Hospital Indemnity","Group Life","Voluntary Short-Term Disability","Voluntary Life","EAP"
Plan Id,"59554","","","","60277","60278","","","","60282","62799"
Plan Title,"2023 Option #1 BCBS Blue Choice Options MIBCO2000","","","","2023 Dental","2023 Vision","","","","2023 Voluntary Life/AD&D","2023 Employee Assistance Program"
Type,"Current","Current","Current","Current","Current","Current","Current","Current","Current","Current","Current"
On COBRA,"","","","","","","","","","",""
Employee Cost,"745.45","","","","13.71","7.60","","","","15.34","0.00"
Client Cost,"589.23","","","","13.71","0.00","","","","0.00","0.00"
Plan Cost,"1334.68","","","","27.42","7.60","","","","15.34","0.00"
Rider Cost,"","","","","","","","","","",""
Total Employee Cost,"","","","","","","","","","18.37",""
Total Plan Cost,"","","","","","","","","","18.37",""
Employee Per Pay Cost,"186.36","","","","3.43","1.90","","","","3.84","0.00"
Client Per Pay Cost,"147.31","","","","3.43","0.00","","","","0.00","0.00"
Coverage_Level,"Employee + Spouse","","","","Employee","Employee","","","","Employee + Spouse","Employee"
Benefit Amount,"","","","","","","","","","130000.00",""
Enrolled Date,"2024-05-04T14:40:50.0000000Z","2024-05-04T14:53:13.0000000Z","2024-05-04T14:53:27.0000000Z","2024-05-04T14:53:54.0000000Z","2024-05-04T14:41:07.0000000Z","2024-05-04T14:41:15.0000000Z","2024-05-04T14:54:04.0000000Z","2024-05-04T14:54:41.0000000Z","2024-05-04T14:42:34.0000000Z","2024-05-04T14:50:38.0000000Z","2024-04-20T06:19:57.0000000Z"
Effective Date,"05/17/2024","05/04/2024","05/04/2024","05/04/2024","05/17/2024","05/17/2024","05/04/2024","05/04/2024","05/04/2024","05/17/2024","04/17/2024"
Covg End Date,"","","","","","","","","","",""
Ended On,"","","","","","","","","","",""
Sign Date,"","","","","","","","","","05/04/2024",""
Start Reason,"New Hire","New Hire","New Hire","New Hire","New Hire","New Hire","New Hire","New Hire","New Hire","New Hire","Bulk enrollment"
End Reason,"","","","","","","","","","",""
Canceled Date,"","","","","","","","","","",""
Decline Reason,"","Not Interested","Not Interested","Not Interested","","","Not Interested","Not Interested","Not Interested","",""
Base Client Cost,"589.23","","","","13.71","0.00","","","","",""
Defined Contribution,"","","","","","","","","","",""
Prior Effective Date,"","","","","","","","","","",""
Original Effective Date,"05/17/2024","","","","05/17/2024","05/17/2024","","","","05/17/2024","04/17/2024"
Maintenance Code Date,"","","","","","","","","","",""
Is Currently Skipped,"N","N","N","N","N","N","N","N","N","N","N"
Is Post Tax,"","","","","","","","","","",""
Tax Option,"","","","","","","","","","",""
Benefit ID,"","","","","","","","","","7399",""
Rate ID,"538677","","","","545735","545752","","","","56447",""
Skipped Date,"","","","","","","","","","",""
Skipped By,"","","","","","","","","","",""
Skipped On,"","","","","","","","","","",""
Carrier Tobacco Override,"","","","","","","","","","",""
Is Transmittable,"Yes","No","No","No","Yes","Yes","No","No","No","Yes","Yes"
Suppress Is Transmittable,"","","","","","","","","","",""
Suppressed By,"","","","","","","","","","",""
Suppressed On,"","","","","","","","","","",""
Created Date,"05/04/2024","05/04/2024","05/04/2024","05/04/2024","05/04/2024","05/04/2024","05/04/2024","05/04/2024","05/04/2024","05/04/2024","04/20/2024"
Created By,"MICHAEL PADALINO","MICHAEL PADALINO","MICHAEL PADALINO","MICHAEL PADALINO","MICHAEL PADALINO","MICHAEL PADALINO","MICHAEL PADALINO","MICHAEL PADALINO","MICHAEL PADALINO","MICHAEL PADALINO"," System"
Last Updated Date,"05/04/2024","05/04/2024","05/04/2024","05/04/2024","05/04/2024","05/04/2024","05/04/2024","05/04/2024","05/04/2024","05/04/2024","04/20/2024"
Last Updated Date(Trigger),"2024-05-04T15:00:44.0000000Z","2024-05-04T14:53:13.0000000Z","2024-05-04T14:53:27.0000000Z","2024-05-04T14:53:54.0000000Z","2024-05-04T14:41:07.0000000Z","2024-05-04T14:41:15.0000000Z","2024-05-04T14:54:04.0000000Z","2024-05-04T14:54:41.0000000Z","2024-05-04T14:42:34.0000000Z","2024-05-04T14:50:38.0000000Z","2024-04-20T06:19:57.0000000Z"
Last Updated By,"MICHAEL PADALINO","MICHAEL PADALINO","MICHAEL PADALINO","MICHAEL PADALINO","MICHAEL PADALINO","MICHAEL PADALINO","MICHAEL PADALINO","MICHAEL PADALINO","MICHAEL PADALINO","MICHAEL PADALINO"," System"

Section: EE_ENCHANGE
PE ID,"6161804","6161804","6161804","6161804","6161804","6161804","6161804","6161820","6161820","6161820","6161820","6161820","6161820","6161820","6161820","6161820","6161820","6161820","6161820","6161820","6161820","6161806","6161806","6161806","6161806","6161806","6161806","6161806","6161805","6161805","6161805","6161805","6161805","6161805","6161805","6161804","6161804","6161804","6161804","6161804","6161804","6161804","6136601","6136601","6136601","6136601","6136601","6136601","6136601"
Type,"Current","Current","Current","Current","Current","Current","Current","Current","Current","Current","Current","Current","Current","Current","Current","Current","Current","Current","Current","Current","Current","Current","Current","Current","Current","Current","Current","Current","Current","Current","Current","Current","Current","Current","Current","Current","Current","Current","Current","Current","Current","Current","Current","Current","Current","Current","Current","Current","Current"
Plan Id,"59554","59554","59554","59554","59554","59554","59554","60282","60282","60282","60282","60282","60282","60282","60282","60282","60282","60282","60282","60282","60282","60278","60278","60278","60278","60278","60278","60278","60277","60277","60277","60277","60277","60277","60277","59554","59554","59554","59554","59554","59554","59554","62799","62799","62799","62799","62799","62799","62799"
Plan Title,"2023 Option #1 BCBS Blue Choice Options MIBCO2000","2023 Option #1 BCBS Blue Choice Options MIBCO2000","2023 Option #1 BCBS Blue Choice Options MIBCO2000","2023 Option #1 BCBS Blue Choice Options MIBCO2000","2023 Option #1 BCBS Blue Choice Options MIBCO2000","2023 Option #1 BCBS Blue Choice Options MIBCO2000","2023 Option #1 BCBS Blue Choice Options MIBCO2000","2023 Voluntary Life/AD&D","2023 Voluntary Life/AD&D","2023 Voluntary Life/AD&D","2023 Voluntary Life/AD&D","2023 Voluntary Life/AD&D","2023 Voluntary Life/AD&D","2023 Voluntary Life/AD&D","2023 Voluntary Life/AD&D","2023 Voluntary Life/AD&D","2023 Voluntary Life/AD&D","2023 Voluntary Life/AD&D","2023 Voluntary Life/AD&D","2023 Voluntary Life/AD&D","2023 Voluntary Life/AD&D","2023 Vision","2023 Vision","2023 Vision","2023 Vision","2023 Vision","2023 Vision","2023 Vision","2023 Dental","2023 Dental","2023 Dental","2023 Dental","2023 Dental","2023 Dental","2023 Dental","2023 Option #1 BCBS Blue Choice Options MIBCO2000","2023 Option #1 BCBS Blue Choice Options MIBCO2000","2023 Option #1 BCBS Blue Choice Options MIBCO2000","2023 Option #1 BCBS Blue Choice Options MIBCO2000","2023 Option #1 BCBS Blue Choice Options MIBCO2000","2023 Option #1 BCBS Blue Choice Options MIBCO2000","2023 Option #1 BCBS Blue Choice Options MIBCO2000","2023 Employee Assistance Program","2023 Employee Assistance Program","2023 Employee Assistance Program","2023 Employee Assistance Program","2023 Employee Assistance Program","2023 Employee Assistance Program","2023 Employee Assistance Program"
Event Id,"19825616","19825616","19825616","19825616","19825616","19825616","19825616","19825598","19825598","19825598","19825598","19825598","19825598","19825598","19825598","19825598","19825598","19825598","19825598","19825598","19825598","19825578","19825578","19825578","19825578","19825578","19825578","19825578","19825577","19825577","19825577","19825577","19825577","19825577","19825577","19825576","19825576","19825576","19825576","19825576","19825576","19825576","19730867","19730867","19730867","19730867","19730867","19730867","19730867"
Event,"Enrollment changed","Enrollment changed","Enrollment changed","Enrollment changed","Enrollment changed","Enrollment changed","Enrollment changed","Enrollment changed","Enrollment changed","Enrollment changed","Enrollment changed","Enrollment changed","Enrollment changed","Enrollment changed","Enrollment changed","Enrollment changed","Enrollment changed","Enrollment changed","Enrollment changed","Enrollment changed","Enrollment changed","Enrollment changed","Enrollment changed","Enrollment changed","Enrollment changed","Enrollment changed","Enrollment changed","Enrollment changed","Enrollment changed","Enrollment changed","Enrollment changed","Enrollment changed","Enrollment changed","Enrollment changed","Enrollment changed","Enrollment changed","Enrollment changed","Enrollment changed","Enrollment changed","Enrollment changed","Enrollment changed","Enrollment changed","Enrollment changed","Enrollment changed","Enrollment changed","Enrollment changed","Enrollment changed","Enrollment changed","Enrollment changed"
Field,"Coverage Level","Monthly Employee Cost","Monthly Plan Cost","Employee Per Pay Cost","Client Per Pay Cost","Add Dependent","Plan ID","Dependent Monthly Cost","Total Dependent Employee Per Pay Cost","Plan ID","Coverage Level","Monthly Employee Cost","Monthly Plan Cost","Total Cost","Benefit Amount","Employee Per Pay Cost","Client Per Pay Cost","Start Date","Add Dependent","Dependent Monthly Cost","Dependent Benefit Amount","Plan ID","Coverage Level","Monthly Employee Cost","Monthly Plan Cost","Employee Per Pay Cost","Client Per Pay Cost","Start Date","Plan ID","Coverage Level","Monthly Employee Cost","Monthly Plan Cost","Employee Per Pay Cost","Client Per Pay Cost","Start Date","Plan ID","Coverage Level","Monthly Employee Cost","Monthly Plan Cost","Employee Per Pay Cost","Client Per Pay Cost","Start Date","Monthly Employee Cost","Monthly Plan Cost","Start Date","Coverage Level","Employee Per Pay Cost","Client Per Pay Cost","Plan ID"
Changed On,"2024-05-04T15:00:44.0000000Z","2024-05-04T15:00:44.0000000Z","2024-05-04T15:00:44.0000000Z","2024-05-04T15:00:44.0000000Z","2024-05-04T15:00:44.0000000Z","2024-05-04T15:00:44.0000000Z","2024-05-04T15:00:44.0000000Z","2024-05-04T14:50:38.0000000Z","2024-05-04T14:50:38.0000000Z","2024-05-04T14:50:38.0000000Z","2024-05-04T14:50:38.0000000Z","2024-05-04T14:50:38.0000000Z","2024-05-04T14:50:38.0000000Z","2024-05-04T14:50:38.0000000Z","2024-05-04T14:50:38.0000000Z","2024-05-04T14:50:38.0000000Z","2024-05-04T14:50:38.0000000Z","2024-05-04T14:50:38.0000000Z","2024-05-04T14:50:38.0000000Z","2024-05-04T14:50:38.0000000Z","2024-05-04T14:50:38.0000000Z","2024-05-04T14:41:15.0000000Z","2024-05-04T14:41:15.0000000Z","2024-05-04T14:41:15.0000000Z","2024-05-04T14:41:15.0000000Z","2024-05-04T14:41:15.0000000Z","2024-05-04T14:41:15.0000000Z","2024-05-04T14:41:15.0000000Z","2024-05-04T14:41:07.0000000Z","2024-05-04T14:41:07.0000000Z","2024-05-04T14:41:07.0000000Z","2024-05-04T14:41:07.0000000Z","2024-05-04T14:41:07.0000000Z","2024-05-04T14:41:07.0000000Z","2024-05-04T14:41:07.0000000Z","2024-05-04T14:40:50.0000000Z","2024-05-04T14:40:50.0000000Z","2024-05-04T14:40:50.0000000Z","2024-05-04T14:40:50.0000000Z","2024-05-04T14:40:50.0000000Z","2024-05-04T14:40:50.0000000Z","2024-05-04T14:40:50.0000000Z","2024-04-20T06:19:57.0000000Z","2024-04-20T06:19:57.0000000Z","2024-04-20T06:19:57.0000000Z","2024-04-20T06:19:57.0000000Z","2024-04-20T06:19:57.0000000Z","2024-04-20T06:19:57.0000000Z","2024-04-20T06:19:57.0000000Z"
Prior Value,"1","350.09","626.52","87.52","69.11","","59554","0","0","","","","","","","","","","","","","","","","","","","","","","","","","","","","","","","","","","","","","","","","62799"
Value,"2","745.450","1334.68","186.36","147.31","346458","59554","3.03","0.76","60282","2","15.34","15.34","18.37","130000","3.84","0.00","5/17/2024 12:00:00 AM","346458","3.03","30000","60278","1","7.60","7.60","1.90","0.00","5/17/2024 12:00:00 AM","60277","1","13.710","27.42","3.43","3.43","5/17/2024 12:00:00 AM","59554","1","350.090","626.52","87.52","69.11","5/17/2024 12:00:00 AM","0","0.000","4/17/2024 12:00:00 AM","1","0","0.00","62799"

Section: EE_BENEFIT
"Enrolled Plans","[object Object],[object Object],[object Object],[object Object],[object Object],[object Object]"
"Dependents","[object Object]"
"Declined Coverage","[object Object],[object Object],[object Object],[object Object],[object Object],[object Object]"

Section: EE_PLANS
"2023 Option #1 BCBS Blue Choice Options MIBCO2000","Blue Cross Blue Shield of Illinois"
"2023 Option #2 BCBS Choice Select PPO MIBCS2090","Blue Cross Blue Shield of Illinois"
"2023 Option #3 BCBS Blue Choice Options HDHP/HSA MICOE3063","Blue Cross Blue Shield of Illinois"
"2023 Option #4 BCBS Edge Select HDHP/HSA MIESE3153","Blue Cross Blue Shield of Illinois"
"2023 Option #5: BCBS Blue Advantage HMO","Blue Cross Blue Shield of Illinois"
"2023 Dental","Blue Cross Blue Shield of Illinois"
"2023 Vision","Blue Cross Blue Shield of Illinois"
"2023 Voluntary Short-Term Disability","Blue Cross Blue Shield of Illinois"
"2023 Voluntary Life/AD&D","Blue Cross Blue Shield of Illinois"
"2023 Accident Benefit","Guardian"
"2023 Advantage Cancer Plan","Guardian"
"2023 Value Cancer Plan","Guardian"
"2023 Critical Illness","Guardian"
"2023 Hospital Indemnity Plan","Guardian"
"2023 Basic Life AD&D","Blue Cross Blue Shield of Illinois"
"2023 Employee Assistance Program","Metropolitan Family Services"

Section: EE_TIMELINE
EventId,"19825616","19825611","19825612","19825610","19825605","19825604","19825602","19825600","19825598","19825580","19825578","19825577","19825576","19825575","19825565","19730867","19701855","19701851","19701850","19701849"
Event,"Enrollment changed","Completed New Hire Enrollment","Enrollment Confirmation Email Sent","Enrollment changed","Enrollment changed","Enrollment changed","Enrollment changed","Enrollment changed","Enrollment changed","Enrollment changed","Enrollment changed","Enrollment changed","Enrollment changed","Update Dependent Address","Account Registration Completed By Employee","Enrollment changed","Update Address Employee","Employee Welcome Email Sent","Employee Hired","Update Address Employee"
StartDateUtc,"2024-05-04T15:00:44Z","2024-05-04T14:54:52.247Z","2024-05-04T14:54:52Z","2024-05-04T14:54:41Z","2024-05-04T14:54:04Z","2024-05-04T14:53:54Z","2024-05-04T14:53:27Z","2024-05-04T14:53:13Z","2024-05-04T14:50:38Z","2024-05-04T14:42:34Z","2024-05-04T14:41:15Z","2024-05-04T14:41:07Z","2024-05-04T14:40:50Z","2024-05-04T14:38:58Z","2024-05-04T14:33:38Z","2024-04-20T06:19:57Z","2024-04-17T14:30:54Z","2024-04-17T14:30:34Z","2024-04-17T14:30:31Z","2024-04-17T14:30:28Z"
EventDate,"","","","","","","","","","","","","","","","","","","",""
Description,"Medical - 2023 Option #1 BCBS Blue Choice Options MIBCO2000","","<p>Dear MICHAEL PADALINO,</p>    <p> Your benefit enrollment is complete. If you would like to view your confidential elections     or benefit information at any time you may log onto your account at <span><a href=\"https://CBIZ.employeenavigator.com\">Login</a></span>.</p>    <p>Please review your account to see if you have any supplemental enrollment requirements such as     designating beneficiaries for your life insurance, completing health questions for life insurance     amounts in excess of the guarantee issue limits or designation of a Primary Care Physician (PCP)</p>    <p>If you have any questions regarding your benefits, please contact your HR department.</p>    <br><p>Bettenhausen Motor Sales</p>","Group Life","Hospital Indemnity","Critical Illness","Cancer","Accident","Voluntary Life - 2023 Voluntary Life/AD&D","Voluntary Short Term Disability","Vision - 2023 Vision","Dental - 2023 Dental","Medical - 2023 Option #1 BCBS Blue Choice Options MIBCO2000","Street address 1 changed from \"\" to \"2328 W 112th Pl\", City changed from \"\" to \"Chicago\", State changed from \"\" to \"Illinois\", Postal Code changed from \"\" to \"60643-4101\"","email sent to MPADALINO@BETTENHAUSENAUTO.COM: <P>Your account has been registered with the user name: Mpadalino4854.&nbsp;&nbsp;Please access this <a href=\"https://www.employeenavigator.com/benefits/Account/Login?loginHint=Mpadalino4854\">Login</a> link to&nbsp;login to&nbsp;your&nbsp;benefits account.</P><P>Thank you,<BR>Bettenhausen Motor Sales</P><P>**This is an automatic email.&nbsp; Please do not reply.**</P>","EAP - 2023 Employee Assistance Program","Address 1 changed from \"\" to \"8608 Laramie Ave\", City changed from \"\" to \"Burbank\", Country changed from \"\" to \"United States of America\", Zip changed from \"\" to \"60459-2831\", County changed from \"\" to \"Cook County\"","email sent to MPADALINO@BETTENHAUSENAUTO.COM: <p>Dear MICHAEL PADALINO,</p><p>Congratulations on your new position with Bettenhausen Motor Sales!&nbsp; You can now begin the new hire enrollment process by accessing this <a href=\"https://www.employeenavigator.com/identity/Provisioning/RegisterAccount?token=1ca1bf66-4692-457c-9fdd-89ff88134b3c&brandingDomain=CBIZ\">Registration</a> link.&nbsp; You are required to complete the enrollment process even if you are declining benefits.&nbsp; Enrollment must be completed immediately or you may not be able to enroll until our next Open Enrollment.</p><p>During the registration process you will be required to enter personal identifying data as well as the following&nbsp;Company Identifier:&nbsp;Bettenhausen</p><p>Please direct any questions about enrollment or benefits to your HR administrator.</p><p>Thank you,<br>Bettenhausen Motor Sales</p><p>**This is an automatic email.&nbsp; Please do not reply.**</p>","New Employee Record Created","Address type changed from \"\" to \"Home\", State changed from \"\" to \"Illinois\""
Dependent,"","","","","","","","","","","","","","Brittany Smith Padalino","","","","","",""
CreatedBy,"MICHAEL PADALINO","MICHAEL PADALINO","MICHAEL PADALINO","MICHAEL PADALINO","MICHAEL PADALINO","MICHAEL PADALINO","MICHAEL PADALINO","MICHAEL PADALINO","MICHAEL PADALINO","MICHAEL PADALINO","MICHAEL PADALINO","MICHAEL PADALINO","MICHAEL PADALINO","MICHAEL PADALINO","MICHAEL PADALINO","EN","JENNIFER SCOTT","JENNIFER SCOTT","JENNIFER SCOTT","JENNIFER SCOTT"
ParentId,"19825616","19825611","19825612","19825610","19825605","19825604","19825602","19825600","19825598","19825580","19825578","19825577","19825576","19825575","19825565","19730867","19701855","19701851","19701850","19701849"
ParentDate,"2024-05-04T11:00:44","2024-05-04T10:54:52.247","2024-05-04T10:54:52","2024-05-04T10:54:41","2024-05-04T10:54:04","2024-05-04T10:53:54","2024-05-04T10:53:27","2024-05-04T10:53:13","2024-05-04T10:50:38","2024-05-04T10:42:34","2024-05-04T10:41:15","2024-05-04T10:41:07","2024-05-04T10:40:50","2024-05-04T10:38:58","2024-05-04T10:33:38","2024-04-20T02:19:57","2024-04-17T10:30:54","2024-04-17T10:30:34","2024-04-17T10:30:31","2024-04-17T10:30:28"
HasChanges,"true","","","true","true","true","true","true","true","true","true","true","true","","","true","","","",""


