﻿Section: Wall
ClientName,"Bettenhausen Motor Sales"
CreatedDate,"2024-05-04T03:23:06.883"
Reason,"Enrollment changed: EAP - 2023 Employee Assistance Program"
EmpId,"719663"
Feed,"Sherman Wall Feed"
EmployeeName,"NICCOLETTE MOLINARI"
WallID,"11469238"

Section: EE_INFO
Emp ID,"719663"
External ID,"41353171"
First Name,"NICCOLETTE"
Middle,""
Last Name,"MOLINARI"
Suffix,""
Client,"Bettenhausen Motor Sales"
Office,""
Job Title,"SERVICE BDC AGENT"
Emp Status,"Active"
Client Class,"Full Time"
Class Changed,""
Client Division,""
Client Dept,""
Hire_Date,"04/29/2024"
Hired On,"04/29/2024"
Original Hire Date,""
DOB,"03/28/1970"
Age,"54"
SSN,"335-76-2783"
Gender,"F"
Married,"Unknown"
Tobacco,"Unknown"
Tobacco Date,""
Race/Ethnicity,"Unknown"
US Citizen,"Unknown"
Base Salary,"35360.00"
Hourly Rate,"17.00"
Salary Effective,"04/29/2024"
Benefit Salary,""
Benefit Salary Effective,""
Previous W2,""
Disabled,"Unknown"
Veteran,"Unknown"
Medicare Eligible,"Unknown"
Annual Review Date,""
Completed,"Yes"
Active,"Yes"
Imported Date,""
Created Date,"04/29/2024"
Created By,"JENNIFER SCOTT"
Last Updated Date,"04/29/2024"
Last Updated Date(Trigger),"2024-04-29T16:08:12.0000000Z"
Last Updated By,"JENNIFER SCOTT"
Termination Date,""
Terminated On,""
Termination Reason,"N/A"
Cobra Status,"Not Eligible"
Demographic Change Effective Date,""



Section: EE_ADDRESS
id,"705830"
Address Type,"Home"
Address1,"6 Drake Ln"
Address2,""
City,"Beecher"
State,"IL"
County,"Will County"
Zip,"60401-9775"
Province,""
Country,"US"
Address Validation Status,"StreetAddressValidated"
User Address Action,"SuggestionsNotPresented"
HR Address Action,"AddressReviewedAndAccepted"
Implicit Address Validation Status,"YetToBeValidated"
Precedence,"1"

Section: EE_EMAIL
"Work Email","NMOLINARI@BETTENHAUSENAUTO.COM"
"Personal Email",""
"Primary Email Type","Work"

Section: EE_PHONE
"Work Phone",""
"Home Phone",""



Section: EE_ENROLLMENT
PE ID,"6161044"
Benefit Category,"EAP"
Plan Id,"62799"
Plan Title,"2023 Employee Assistance Program"
Type,"Current"
On COBRA,""
Employee Cost,"0.00"
Client Cost,"0.00"
Plan Cost,"0.00"
Rider Cost,""
Total Employee Cost,""
Total Plan Cost,""
Employee Per Pay Cost,"0.00"
Client Per Pay Cost,"0.00"
Coverage_Level,"Employee"
Benefit Amount,""
Enrolled Date,"2024-05-04T07:23:06.0000000Z"
Effective Date,"04/29/2024"
Covg End Date,""
Ended On,""
Sign Date,""
Start Reason,"Bulk enrollment"
End Reason,""
Canceled Date,""
Decline Reason,""
Base Client Cost,""
Defined Contribution,""
Prior Effective Date,""
Original Effective Date,"04/29/2024"
Maintenance Code Date,""
Is Currently Skipped,"N"
Is Post Tax,""
Tax Option,""
Benefit ID,""
Rate ID,""
Skipped Date,""
Skipped By,""
Skipped On,""
Carrier Tobacco Override,""
Is Transmittable,"Yes"
Suppress Is Transmittable,""
Suppressed By,""
Suppressed On,""
Created Date,"05/04/2024"
Created By," System"
Last Updated Date,"05/04/2024"
Last Updated Date(Trigger),"2024-05-04T07:23:06.0000000Z"
Last Updated By," System"

Section: EE_ENCHANGE
PE ID,"6161044","6161044","6161044","6161044","6161044","6161044","6161044"
Type,"Current","Current","Current","Current","Current","Current","Current"
Plan Id,"62799","62799","62799","62799","62799","62799","62799"
Plan Title,"2023 Employee Assistance Program","2023 Employee Assistance Program","2023 Employee Assistance Program","2023 Employee Assistance Program","2023 Employee Assistance Program","2023 Employee Assistance Program","2023 Employee Assistance Program"
Event Id,"19824725","19824725","19824725","19824725","19824725","19824725","19824725"
Event,"Enrollment changed","Enrollment changed","Enrollment changed","Enrollment changed","Enrollment changed","Enrollment changed","Enrollment changed"
Field,"Monthly Employee Cost","Monthly Plan Cost","Start Date","Coverage Level","Employee Per Pay Cost","Client Per Pay Cost","Plan ID"
Changed On,"2024-05-04T07:23:06.0000000Z","2024-05-04T07:23:06.0000000Z","2024-05-04T07:23:06.0000000Z","2024-05-04T07:23:06.0000000Z","2024-05-04T07:23:06.0000000Z","2024-05-04T07:23:06.0000000Z","2024-05-04T07:23:06.0000000Z"
Prior Value,"","","","","","","62799"
Value,"0","0.000","4/29/2024 12:00:00 AM","1","0","0.00","62799"

Section: EE_BENEFIT
"Enrolled Plans","[object Object]"

Section: EE_PLANS
"2023 Option #1 BCBS Blue Choice Options MIBCO2000","Blue Cross Blue Shield of Illinois"
"2023 Option #2 BCBS Choice Select PPO MIBCS2090","Blue Cross Blue Shield of Illinois"
"2023 Option #3 BCBS Blue Choice Options HDHP/HSA MICOE3063","Blue Cross Blue Shield of Illinois"
"2023 Option #4 BCBS Edge Select HDHP/HSA MIESE3153","Blue Cross Blue Shield of Illinois"
"2023 Option #5: BCBS Blue Advantage HMO","Blue Cross Blue Shield of Illinois"
"2023 Dental","Blue Cross Blue Shield of Illinois"
"2023 Vision","Blue Cross Blue Shield of Illinois"
"2023 Voluntary Short-Term Disability","Blue Cross Blue Shield of Illinois"
"2023 Voluntary Life/AD&D","Blue Cross Blue Shield of Illinois"
"2023 Accident Benefit","Guardian"
"2023 Advantage Cancer Plan","Guardian"
"2023 Value Cancer Plan","Guardian"
"2023 Critical Illness","Guardian"
"2023 Hospital Indemnity Plan","Guardian"
"2023 Basic Life AD&D","Blue Cross Blue Shield of Illinois"
"2023 Employee Assistance Program","Metropolitan Family Services"

Section: EE_TIMELINE
EventId,"19824725","19785064","19785058","19785057","19785056"
Event,"Enrollment changed","Update Address Employee","Employee Welcome Email Sent","Employee Hired","Update Address Employee"
StartDateUtc,"2024-05-04T07:23:06Z","2024-04-29T16:08:12Z","2024-04-29T16:07:37Z","2024-04-29T16:07:27Z","2024-04-29T16:07:25Z"
EventDate,"","","","",""
Description,"EAP - 2023 Employee Assistance Program","Address 1 changed from \"\" to \"6 Drake Ln\", City changed from \"\" to \"Beecher\", Country changed from \"\" to \"United States of America\", Zip changed from \"\" to \"60401-9775\", County changed from \"\" to \"Will County\"","email sent to NMOLINARI@BETTENHAUSENAUTO.COM: <p>Dear NICCOLETTE MOLINARI,</p><p>Congratulations on your new position with Bettenhausen Motor Sales!&nbsp; You can now begin the new hire enrollment process by accessing this <a href=\"https://www.employeenavigator.com/identity/Provisioning/RegisterAccount?token=e6c98a93-643b-4942-8313-5425c77695ff&brandingDomain=CBIZ\">Registration</a> link.&nbsp; You are required to complete the enrollment process even if you are declining benefits.&nbsp; Enrollment must be completed immediately or you may not be able to enroll until our next Open Enrollment.</p><p>During the registration process you will be required to enter personal identifying data as well as the following&nbsp;Company Identifier:&nbsp;Bettenhausen</p><p>Please direct any questions about enrollment or benefits to your HR administrator.</p><p>Thank you,<br>Bettenhausen Motor Sales</p><p>**This is an automatic email.&nbsp; Please do not reply.**</p>","New Employee Record Created","Address type changed from \"\" to \"Home\", State changed from \"\" to \"Illinois\""
Dependent,"","","","",""
CreatedBy,"EN","JENNIFER SCOTT","JENNIFER SCOTT","JENNIFER SCOTT","JENNIFER SCOTT"
ParentId,"19824725","19785064","19785058","19785057","19785056"
ParentDate,"2024-05-04T03:23:06","2024-04-29T12:08:12","2024-04-29T12:07:37","2024-04-29T12:07:27","2024-04-29T12:07:25"
HasChanges,"true","","","",""


