﻿Section: Wall
ClientName,"Onward Technologies","Onward Technologies","Onward Technologies","Onward Technologies"
CreatedDate,"2024-05-04T03:23:09.103","2024-05-04T03:23:09.09","2024-05-04T03:23:08.813","2024-05-04T03:23:08.803"
Reason,"Enrollment changed: Group Short Term Disability - 2024 Unum Short Term Disability","Enrollment changed: Group Short Term Disability - 2024 Unum Short Term Disability","Enrollment changed: Group Life - 2024 UNUM - Group Life and AD&D Insurance","Enrollment changed: Group Life - 2024 UNUM - Group Life and AD&D Insurance"
EmpId,"720721","720721","720721","720721"
Feed,"Sherman Wall Feed","Onward All","Sherman Wall Feed","Onward All"
EmployeeName,"Kenneth Inda","Kenneth Inda","Kenneth Inda","Kenneth Inda"
WallID,"11469267","11469266","11469261","11469260"

Section: EE_INFO
Emp ID,"720721"
External ID,"41454034"
First Name,"Kenneth"
Middle,"M"
Last Name,"Inda"
Suffix,""
Client,"Onward Technologies"
Office,""
Job Title,"Program Management Consultant"
Emp Status,"Active"
Client Class,"Part-TIme"
Class Changed,""
Client Division,""
Client Dept,""
Hire_Date,"05/01/2024"
Hired On,"05/02/2024"
Original Hire Date,""
DOB,"05/30/1964"
Age,"59"
SSN,"341-66-5968"
Gender,"M"
Married,"Unknown"
Tobacco,"Unknown"
Tobacco Date,""
Race/Ethnicity,"Unknown"
US Citizen,"Unknown"
Base Salary,"104000.00"
Hourly Rate,"125.00"
Salary Effective,"05/01/2024"
Benefit Salary,"104000.00"
Benefit Salary Effective,"05/01/2024"
Previous W2,""
Disabled,"Unknown"
Veteran,"Unknown"
Medicare Eligible,"Unknown"
Annual Review Date,""
Completed,"Yes"
Active,"Yes"
Imported Date,""
Created Date,"05/02/2024"
Created By,"Dharmendra Bhatt"
Last Updated Date,"05/02/2024"
Last Updated Date(Trigger),"2024-05-02T23:38:02.0000000Z"
Last Updated By,"Dharmendra Bhatt"
Termination Date,""
Terminated On,""
Termination Reason,"N/A"
Cobra Status,"Not Eligible"
Demographic Change Effective Date,""



Section: EE_ADDRESS
id,"706905"
Address Type,"Home"
Address1,""
Address2,""
City,""
State,"SC"
County,""
Zip,""
Province,""
Country,""
Address Validation Status,"YetToBeValidated"
User Address Action,"SuggestionsNotPresented"
HR Address Action,"ReviewNotNeeded"
Implicit Address Validation Status,"YetToBeValidated"
Precedence,"1"

Section: EE_EMAIL
"Work Email","kenneth_inda@onwardgroup.com"
"Personal Email","ken.inda@yahoo.com"
"Primary Email Type","Work"

Section: EE_PHONE
"Work Phone",""
"Home Phone",""



Section: EE_ENROLLMENT
PE ID,"6161053","6161055"
Benefit Category,"Group Life","Group Short-Term Disability"
Plan Id,"70234","70235"
Plan Title,"2024 UNUM - Group Life and AD&D Insurance","2024 Unum Short Term Disability"
Type,"Current","Current"
On COBRA,"",""
Employee Cost,"0.00","0.00"
Client Cost,"5.00","19.00"
Plan Cost,"5.00","19.00"
Rider Cost,"",""
Total Employee Cost,"0.00",""
Total Plan Cost,"5.00",""
Employee Per Pay Cost,"0.00","0.00"
Client Per Pay Cost,"2.31","8.77"
Coverage_Level,"Employee","Employee"
Benefit Amount,"50000.00","1000.00"
Enrolled Date,"2024-05-04T07:23:08.0000000Z","2024-05-04T07:23:09.0000000Z"
Effective Date,"05/01/2024","05/01/2024"
Covg End Date,"",""
Ended On,"",""
Sign Date,"",""
Start Reason,"Bulk enrollment","Bulk enrollment"
End Reason,"",""
Canceled Date,"",""
Decline Reason,"",""
Base Client Cost,"",""
Defined Contribution,"",""
Prior Effective Date,"",""
Original Effective Date,"05/01/2024","05/01/2024"
Maintenance Code Date,"",""
Is Currently Skipped,"N","N"
Is Post Tax,"",""
Tax Option,"",""
Benefit ID,"9168","3228"
Rate ID,"65403","17840"
Skipped Date,"",""
Skipped By,"",""
Skipped On,"",""
Carrier Tobacco Override,"",""
Is Transmittable,"Yes","Yes"
Suppress Is Transmittable,"",""
Suppressed By,"",""
Suppressed On,"",""
Created Date,"05/04/2024","05/04/2024"
Created By," System"," System"
Last Updated Date,"05/04/2024","05/04/2024"
Last Updated Date(Trigger),"2024-05-04T07:23:08.0000000Z","2024-05-04T07:23:09.0000000Z"
Last Updated By," System"," System"

Section: EE_ENCHANGE
PE ID,"6161055","6161055","6161055","6161055","6161055","6161055","6161055","6161055","6161053","6161053","6161053","6161053","6161053","6161053","6161053","6161053","6161053"
Type,"Current","Current","Current","Current","Current","Current","Current","Current","Current","Current","Current","Current","Current","Current","Current","Current","Current"
Plan Id,"70235","70235","70235","70235","70235","70235","70235","70235","70234","70234","70234","70234","70234","70234","70234","70234","70234"
Plan Title,"2024 Unum Short Term Disability","2024 Unum Short Term Disability","2024 Unum Short Term Disability","2024 Unum Short Term Disability","2024 Unum Short Term Disability","2024 Unum Short Term Disability","2024 Unum Short Term Disability","2024 Unum Short Term Disability","2024 UNUM - Group Life and AD&D Insurance","2024 UNUM - Group Life and AD&D Insurance","2024 UNUM - Group Life and AD&D Insurance","2024 UNUM - Group Life and AD&D Insurance","2024 UNUM - Group Life and AD&D Insurance","2024 UNUM - Group Life and AD&D Insurance","2024 UNUM - Group Life and AD&D Insurance","2024 UNUM - Group Life and AD&D Insurance","2024 UNUM - Group Life and AD&D Insurance"
Event Id,"19824736","19824736","19824736","19824736","19824736","19824736","19824736","19824736","19824734","19824734","19824734","19824734","19824734","19824734","19824734","19824734","19824734"
Event,"Enrollment changed","Enrollment changed","Enrollment changed","Enrollment changed","Enrollment changed","Enrollment changed","Enrollment changed","Enrollment changed","Enrollment changed","Enrollment changed","Enrollment changed","Enrollment changed","Enrollment changed","Enrollment changed","Enrollment changed","Enrollment changed","Enrollment changed"
Field,"Plan ID","Coverage Level","Monthly Employee Cost","Monthly Plan Cost","Benefit Amount","Employee Per Pay Cost","Client Per Pay Cost","Start Date","Plan ID","Coverage Level","Monthly Employee Cost","Monthly Plan Cost","Total Cost","Benefit Amount","Employee Per Pay Cost","Client Per Pay Cost","Start Date"
Changed On,"2024-05-04T07:23:09.0000000Z","2024-05-04T07:23:09.0000000Z","2024-05-04T07:23:09.0000000Z","2024-05-04T07:23:09.0000000Z","2024-05-04T07:23:09.0000000Z","2024-05-04T07:23:09.0000000Z","2024-05-04T07:23:09.0000000Z","2024-05-04T07:23:09.0000000Z","2024-05-04T07:23:08.0000000Z","2024-05-04T07:23:08.0000000Z","2024-05-04T07:23:08.0000000Z","2024-05-04T07:23:08.0000000Z","2024-05-04T07:23:08.0000000Z","2024-05-04T07:23:08.0000000Z","2024-05-04T07:23:08.0000000Z","2024-05-04T07:23:08.0000000Z","2024-05-04T07:23:08.0000000Z"
Prior Value,"","","","","","","","","","","","","","","","",""
Value,"70235","1","0.00","19.00","1000","0.00","8.77","5/1/2024 12:00:00 AM","70234","1","0.00","5.00","0.00","50000.00","0.00","2.31","5/1/2024 12:00:00 AM"

Section: EE_BENEFIT
"Enrolled Plans","[object Object],[object Object]"

Section: EE_PLANS
"2024 UHC BDQ2 $2000 CORE Plus","UnitedHealthcare"
"2024 UHC BDQR $2,000 Choice Plus PPO","UnitedHealthcare"
"2024 UHC BDRV $1,000 Choice Plus PPO","UnitedHealthcare"
"2024 UHC DEK2 $5,000 Choice Plus HSA","UnitedHealthcare"
"2024 UHC DJ3G $3500 Choice Plus HSA","UnitedHealthcare"
"2024 Health Savings Account (HSA)","Unspecified Carrier"
"2024 Principal Dental","Principal Financial Group"
"2024 Principal Vision","Principal Financial Group"
"2024 UNUM - Group Life and AD&D Insurance","UNUM"
"2024 Unum Short Term Disability","UNUM"

Section: EE_TIMELINE
EventId,"19824736","19824734","19816579","19816578","19816577","19816576"
Event,"Enrollment changed","Enrollment changed","Employee Welcome Email Sent","Employee Welcome Email Sent","Employee Hired","Update Address Employee"
StartDateUtc,"2024-05-04T07:23:09Z","2024-05-04T07:23:08Z","2024-05-02T23:38:32Z","2024-05-02T23:38:02Z","2024-05-02T23:37:50Z","2024-05-02T23:37:48Z"
EventDate,"","","","","",""
Description,"Group Short Term Disability - 2024 Unum Short Term Disability","Group Life - 2024 UNUM - Group Life and AD&D Insurance","email sent to kenneth_inda@onwardgroup.com: <p>Dear Kenneth Inda,</p><p>Congratulations on your new position with Onward Technologies!&nbsp; You can now begin the new hire enrollment process by accessing this <a href=\"https://www.employeenavigator.com/identity/Provisioning/RegisterAccount?token=c27ec6cd-3017-44b9-819a-a233f24c6f44&brandingDomain=CBIZ\">Registration</a> link. <b>This link expires after 15 days. You are required to complete the enrollment process even if you are declining benefits.&nbsp; Enrollment must be completed immediately,&nbsp;or you may not be able to enroll until our next Open Enrollment.</b></p><p>Please be sure to complete your&nbsp;Beneficiaries for your Group Life and Voluntary Life if electing.</p><p>You are required to complete all New Hire enrollments by the 30th date of hire.&nbsp; If you are electing Voluntary Life and miss this deadline, you will <b>no longer have the option of a Guaranteed issue amount with no questions asked</b>.&nbsp; Voluntary Life will be pending until you submit your Evidence of Insurability to UNUM and are approved.&nbsp;&nbsp;</p><p>Please direct any questions about enrollment or benefits to your HR administrator.</p><p>Thank you,<br>Onward Technologies</p><p>**This is an automatic email.&nbsp; Please do not reply.**</p>","email sent to ken.inda@yahoo.com: <p>Dear Kenneth Inda,</p><p>Congratulations on your new position with Onward Technologies!&nbsp; You can now begin the new hire enrollment process by accessing this <a href=\"https://www.employeenavigator.com/identity/Provisioning/RegisterAccount?token=77f29ce6-9a34-403d-a026-73da089924f4&brandingDomain=CBIZ\">Registration</a> link. <b>This link expires after 15 days. You are required to complete the enrollment process even if you are declining benefits.&nbsp; Enrollment must be completed immediately,&nbsp;or you may not be able to enroll until our next Open Enrollment.</b></p><p>Please be sure to complete your&nbsp;Beneficiaries for your Group Life and Voluntary Life if electing.</p><p>You are required to complete all New Hire enrollments by the 30th date of hire.&nbsp; If you are electing Voluntary Life and miss this deadline, you will <b>no longer have the option of a Guaranteed issue amount with no questions asked</b>.&nbsp; Voluntary Life will be pending until you submit your Evidence of Insurability to UNUM and are approved.&nbsp;&nbsp;</p><p>Please direct any questions about enrollment or benefits to your HR administrator.</p><p>Thank you,<br>Onward Technologies</p><p>**This is an automatic email.&nbsp; Please do not reply.**</p>","New Employee Record Created","Address type changed from \"\" to \"Home\", State changed from \"\" to \"South Carolina\""
Dependent,"","","","","",""
CreatedBy,"EN","EN","Dharmendra Bhatt","Dharmendra Bhatt","Dharmendra Bhatt","Dharmendra Bhatt"
ParentId,"19824736","19824734","19816579","19816578","19816577","19816576"
ParentDate,"2024-05-04T03:23:09","2024-05-04T03:23:08","2024-05-02T19:38:32","2024-05-02T19:38:02","2024-05-02T19:37:50","2024-05-02T19:37:48"
HasChanges,"true","true","","","",""


